sample_id,strategy,label,status,direction,confidence,scan_window_bars,image_path,review_image_path,day_utc,start_pos,end_pos,start_time,end_time,pattern_start_pos,pattern_end_pos,pattern_start_time,pattern_end_time,breakout_pos,breakout_time,entry_price,stop_loss,target_price,risk_reward,breakout_level,atr_at_entry,reason,label_source,review_status
double_top__2015-08-10__0000218,double_top,0,no_pattern,neutral,0.0,,double_top/images/no_pattern/2015/08/double_top__2015-08-10__0000218.png,,2015-08-10,19,218,2015-07-29T08:00:00+00:00,2015-08-10T23:00:00+00:00,,,,,,,,,,,,,No rule-based candidate at this daily endpoint,rule_candidate,pending
double_top__2015-08-11__0000241,double_top,1,forming,bearish,0.63,200.0,double_top/images/forming/2015/08/double_top__2015-08-11__0000241.png,,2015-08-11,42,241,2015-07-30T08:00:00+00:00,2015-08-11T23:00:00+00:00,234.0,241.0,2015-08-11T16:00:00+00:00,2015-08-11T23:00:00+00:00,,,1103.77,1113.5064285714284,1084.2971428571432,2.0,1103.77,4.665714285714281,Double top near equal highs with neckline break,rule_candidate,pending
double_top__2015-08-12__0000264,double_top,0,no_pattern,neutral,0.0,,double_top/images/no_pattern/2015/08/double_top__2015-08-12__0000264.png,,2015-08-12,65,264,2015-07-31T08:00:00+00:00,2015-08-12T23:00:00+00:00,,,,,,,,,,,,,No rule-based candidate at this daily endpoint,rule_candidate,pending
double_top__2015-08-13__0000287,double_top,0,no_pattern,neutral,0.0,,double_top/images/no_pattern/2015/08/double_top__2015-08-13__0000287.png,,2015-08-13,88,287,2015-08-03T08:00:00+00:00,2015-08-13T23:00:00+00:00,,,,,,,,,,,,,No rule-based candidate at this daily endpoint,rule_candidate,pending
double_top__2015-08-14__0000310,double_top,0,no_pattern,neutral,0.0,,double_top/images/no_pattern/2015/08/double_top__2015-08-14__0000310.png,,2015-08-14,111,310,2015-08-04T08:00:00+00:00,2015-08-14T23:00:00+00:00,,,,,,,,,,,,,No rule-based candidate at this daily endpoint,rule_candidate,pending
double_top__2015-08-17__0000333,double_top,1,forming,bearish,0.55,200.0,double_top/images/forming/2015/08/double_top__2015-08-17__0000333.png,,2015-08-17,134,333,2015-08-05T08:00:00+00:00,2015-08-17T23:00:00+00:00,319.0,333.0,2015-08-17T09:00:00+00:00,2015-08-17T23:00:00+00:00,,,1115.98,1123.2830357142857,1101.373928571429,2.0,1115.98,2.372142857142876,Double top near equal highs with neckline break,rule_candidate,pending
double_top__2015-08-18__0000356,double_top,0,no_pattern,neutral,0.0,,double_top/images/no_pattern/2015/08/double_top__2015-08-18__0000356.png,,2015-08-18,157,356,2015-08-06T08:00:00+00:00,2015-08-18T23:00:00+00:00,,,,,,,,,,,,,No rule-based candidate at this daily endpoint,rule_candidate,pending
double_top__2015-08-19__0000379,double_top,1,forming,bearish,0.55,200.0,double_top/images/forming/2015/08/double_top__2015-08-19__0000379.png,,2015-08-19,180,379,2015-08-07T08:00:00+00:00,2015-08-19T23:00:00+00:00,361.0,379.0,2015-08-19T05:00:00+00:00,2015-08-19T23:00:00+00:00,,,1116.79,1124.9714285714283,1100.4271428571428,2.0,1116.79,3.4057142857142417,Double top near equal highs with neckline break,rule_candidate,pending
double_top__2015-08-20__0000402,double_top,0,no_pattern,neutral,0.0,,double_top/images/no_pattern/2015/08/double_top__2015-08-20__0000402.png,,2015-08-20,203,402,2015-08-10T08:00:00+00:00,2015-08-20T23:00:00+00:00,,,,,,,,,,,,,No rule-based candidate at this daily endpoint,rule_candidate,pending
double_top__2015-08-21__0000425,double_top,0,no_pattern,neutral,0.0,,double_top/images/no_pattern/2015/08/double_top__2015-08-21__0000425.png,,2015-08-21,226,425,2015-08-11T08:00:00+00:00,2015-08-21T23:00:00+00:00,,,,,,,,,,,,,No rule-based candidate at this daily endpoint,rule_candidate,pending
